-- MySQL Script generated by MySQL Workbench
-- Sun Mar  1 21:03:26 2026
-- Model: New Model    Version: 1.0
-- MySQL Workbench Forward Engineering

SET @OLD_UNIQUE_CHECKS=@@UNIQUE_CHECKS, UNIQUE_CHECKS=0;
SET @OLD_FOREIGN_KEY_CHECKS=@@FOREIGN_KEY_CHECKS, FOREIGN_KEY_CHECKS=0;
SET @OLD_SQL_MODE=@@SQL_MODE, SQL_MODE='ONLY_FULL_GROUP_BY,STRICT_TRANS_TABLES,NO_ZERO_IN_DATE,NO_ZERO_DATE,ERROR_FOR_DIVISION_BY_ZERO,NO_ENGINE_SUBSTITUTION';

-- -----------------------------------------------------
-- Schema Kindrat_Anatolii
-- -----------------------------------------------------
DROP SCHEMA IF EXISTS `Kindrat_Anatolii` ;
CREATE SCHEMA IF NOT EXISTS `Kindrat_Anatolii` DEFAULT CHARACTER SET utf8 ;
USE `Kindrat_Anatolii` ;

-- -----------------------------------------------------
-- Table `Kindrat_Anatolii`.`Departaments`
-- -----------------------------------------------------
CREATE TABLE IF NOT EXISTS `Kindrat_Anatolii`.`Departaments` (
    `departament_id` INT NOT NULL,
    `departament_name` VARCHAR(45) NULL,
    `departament_type` VARCHAR(45) NULL,
    `hazard_bonus` INT NULL,
    PRIMARY KEY (`departament_id`))
    ENGINE = InnoDB;


-- -----------------------------------------------------
-- Table `Kindrat_Anatolii`.`Position`
-- -----------------------------------------------------
CREATE TABLE IF NOT EXISTS `Kindrat_Anatolii`.`Position` (
    `position_id` INT NOT NULL,
    `position_title` VARCHAR(45) NULL,
    `base_salary` INT NULL,
    `schedule_bonus` INT NULL,
    PRIMARY KEY (`position_id`))
    ENGINE = InnoDB;

-- -----------------------------------------------------
-- Table `Kindrat_Anatolii`.`Staffing_table`
-- -----------------------------------------------------
CREATE TABLE IF NOT EXISTS `Kindrat_Anatolii`.`Staffing_table` (
    `staffing_id` INT NOT NULL,
    `total_slots` INT NULL,
    `vacant_slots` INT NULL,
    `departament_id` INT NULL,
    `position_id` INT NULL,
    PRIMARY KEY (`staffing_id`),
    INDEX `k_staffing_departments_idx` (`departament_id` ASC) VISIBLE,
    INDEX `fk_staffing_position_idx` (`position_id` ASC) VISIBLE,
    CONSTRAINT `fk_staffing_departments`
    FOREIGN KEY (`departament_id`)
    REFERENCES `Kindrat_Anatolii`.`Departaments` (`departament_id`)
    ON DELETE CASCADE
    ON UPDATE CASCADE,
    CONSTRAINT `fk_staffing_position`
    FOREIGN KEY (`position_id`)
    REFERENCES `Kindrat_Anatolii`.`Position` (`position_id`)
    ON DELETE CASCADE
    ON UPDATE CASCADE)
    ENGINE = InnoDB;

-- ----------------------------------------------
-- Table `Kindrat_Anatolii`.`Users`
-- ----------------------------------------------
CREATE TABLE IF NOT EXISTS `Kindrat_Anatolii`.`Users`(
  `users_id` INT NOT NULL AUTO_INCREMENT,
  `users_login` VARCHAR(32),
  `users_password` VARCHAR(255),
   PRIMARY KEY (`users_id`)
);


SET SQL_MODE=@OLD_SQL_MODE;
SET FOREIGN_KEY_CHECKS=@OLD_FOREIGN_KEY_CHECKS;
SET UNIQUE_CHECKS=@OLD_UNIQUE_CHECKS;

-- --------------------------------------------------
-- New User
-- ---------------------------------------------------

CREATE USER IF NOT EXISTS 'user1'@'localhost' IDENTIFIED BY '1234';
GRANT ALL PRIVILEGES ON `Kindrat_Anatolii`.* TO 'user1'@'localhost';
FLUSH PRIVILEGES;

-- -----------------------------------------------------
-- Data for table `Kindrat_Anatolii`.`Departaments`
-- -----------------------------------------------------
START TRANSACTION;
USE `Kindrat_Anatolii`;
INSERT INTO `Kindrat_Anatolii`.`Departaments` (`departament_id`, `departament_name`, `departament_type`, `hazard_bonus`) VALUES (1, 'Дирекція', 'Адміністрація', 0);
INSERT INTO `Kindrat_Anatolii`.`Departaments` (`departament_id`, `departament_name`, `departament_type`, `hazard_bonus`) VALUES (2, 'Бухгалтерія', 'Відділ', 0);
INSERT INTO `Kindrat_Anatolii`.`Departaments` (`departament_id`, `departament_name`, `departament_type`, `hazard_bonus`) VALUES (3, 'IT Департамент', 'Департамент', 5);
INSERT INTO `Kindrat_Anatolii`.`Departaments` (`departament_id`, `departament_name`, `departament_type`, `hazard_bonus`) VALUES (4, 'Відділ продажів', 'Відділ', 0);
INSERT INTO `Kindrat_Anatolii`.`Departaments` (`departament_id`, `departament_name`, `departament_type`, `hazard_bonus`) VALUES (5, 'Склад', 'Цех', 10);

COMMIT;

-- -----------------------------------------------------
-- Data for table `Kindrat_Anatolii`.`Position`
-- -----------------------------------------------------
START TRANSACTION;
USE `Kindrat_Anatolii`;
INSERT INTO `Kindrat_Anatolii`.`Position` (`position_id`, `position_title`, `base_salary`, `schedule_bonus`) VALUES (1, 'Директор', 50000, 15);
INSERT INTO `Kindrat_Anatolii`.`Position` (`position_id`, `position_title`, `base_salary`, `schedule_bonus`) VALUES (2, 'Головний бухгалтер', 35000, 10);
INSERT INTO `Kindrat_Anatolii`.`Position` (`position_id`, `position_title`, `base_salary`, `schedule_bonus`) VALUES (3, 'Інженер-програміст', 40000, 5);
INSERT INTO `Kindrat_Anatolii`.`Position` (`position_id`, `position_title`, `base_salary`, `schedule_bonus`) VALUES (4, 'Менеджер з продажу', 20000, 20);
INSERT INTO `Kindrat_Anatolii`.`Position` (`position_id`, `position_title`, `base_salary`, `schedule_bonus`) VALUES (5, 'Спеціаліст з кадрів', 18000, 0);

COMMIT;

-- -----------------------------------------------------
-- Data for table `Kindrat_Anatolii`.`Staffing_table`
-- -----------------------------------------------------
START TRANSACTION;
USE `Kindrat_Anatolii`;
INSERT INTO `Kindrat_Anatolii`.`Staffing_table` (`staffing_id`, `total_slots`, `vacant_slots`, `departament_id`, `position_id`) VALUES (1, 1, 0, 1, 1);
INSERT INTO `Kindrat_Anatolii`.`Staffing_table` (`staffing_id`, `total_slots`, `vacant_slots`, `departament_id`, `position_id`) VALUES (2, 1, 0, 2, 2);
INSERT INTO `Kindrat_Anatolii`.`Staffing_table` (`staffing_id`, `total_slots`, `vacant_slots`, `departament_id`, `position_id`) VALUES (3, 5, 2, 3, 3);
INSERT INTO `Kindrat_Anatolii`.`Staffing_table` (`staffing_id`, `total_slots`, `vacant_slots`, `departament_id`, `position_id`) VALUES (4, 10, 3, 4, 4);
INSERT INTO `Kindrat_Anatolii`.`Staffing_table` (`staffing_id`, `total_slots`, `vacant_slots`, `departament_id`, `position_id`) VALUES (5, 2, 0, 5, 5);

COMMIT;

-- -----------------------------------------------------
-- Data for table `Kindrat_Anatolii`.`Users`
-- -----------------------------------------------------
START TRANSACTION;
USE `Kindrat_Anatolii`;
INSERT INTO `Kindrat_Anatolii`.`Users` (users_id, users_login, users_password) VALUES (NULL,'admin',SHA2('1234', 256));
COMMIT;